{
    "root": {
        "commands": [
            [],
            [],
            [],
            [
                [
                    60002,
                    {
                        "74577096874_0.3591907761287778": 1,
                        "74578604912_0.9929207213758935": 1,
                        "74581030939_0.06336316010566301": false
                    },
                    "86512251157_0.48196282488586495"
                ],
                [
                    -1,
                    {
                        "___cmdID": "86512237906_0.961197550622598"
                    }
                ]
            ],
            [],
            [],
            [],
            [],
            [],
            [],
            [],
            []
        ]
    },
    "77057489413_0.5609982503099684": {
        "condition": [],
        "commands": [
            [],
            [],
            [],
            [],
            [],
            [],
            [],
            [],
            [],
            [],
            [],
            []
        ]
    },
    "77057489414_0.5413245254296335": {
        "condition": [],
        "commands": [
            [],
            [],
            [],
            [],
            [],
            [],
            [],
            [],
            [],
            [],
            [],
            []
        ]
    },
    "86507808209_0.6025420834737978": {
        "condition": [],
        "commands": [
            [],
            [],
            [],
            [],
            [],
            [],
            [],
            [],
            [],
            [],
            [],
            []
        ]
    },
    "86510719037_0.6524472108177584": {
        "condition": [],
        "commands": [
            [],
            [],
            [],
            [],
            [],
            [],
            [],
            [],
            [],
            [],
            [],
            []
        ]
    },
    "86510770803_0.8634007536420489": {
        "condition": [],
        "commands": [
            [],
            [],
            [],
            [],
            [],
            [],
            [],
            [],
            [],
            [],
            [],
            []
        ]
    },
    "86510795688_0.9010748452459767": {
        "condition": [],
        "commands": [
            [],
            [],
            [],
            [],
            [],
            [],
            [],
            [],
            [],
            [],
            [],
            []
        ]
    },
    "86510881769_0.2860188181831045": {
        "condition": [],
        "commands": [
            [],
            [],
            [],
            [],
            [],
            [],
            [],
            [],
            [],
            [],
            [],
            []
        ]
    },
    "86510905339_0.6506206508106123": {
        "condition": [],
        "commands": [
            [],
            [],
            [],
            [],
            [],
            [],
            [],
            [],
            [],
            [],
            [],
            []
        ]
    },
    "86510917995_0.839143023828459": {
        "condition": [],
        "commands": [
            [],
            [],
            [],
            [],
            [],
            [],
            [],
            [],
            [],
            [],
            [],
            []
        ]
    },
    "86510966657_0.8514428227750197": {
        "condition": [],
        "commands": [
            [],
            [],
            [],
            [],
            [],
            [],
            [],
            [],
            [],
            [],
            [],
            []
        ]
    },
    "86847572224_0.66573148503278": {
        "condition": [],
        "commands": [
            [],
            [],
            [],
            [],
            [],
            [],
            [],
            [],
            [],
            [],
            [],
            []
        ]
    },
    "126662847676_0.1593534289953935": {
        "condition": [],
        "commands": [
            [],
            [],
            [],
            [],
            [],
            [],
            [],
            [],
            [],
            [],
            [],
            []
        ]
    },
    "126662847677_0.20991762461321883": {
        "condition": [],
        "commands": [
            [],
            [],
            [],
            [],
            [],
            [],
            [],
            [],
            [],
            [],
            [],
            []
        ]
    },
    "126662847677_0.4605060110734329": {
        "condition": [],
        "commands": [
            [
                [
                    60005,
                    {
                        "74577032484_0.13493609495640202": "asset/audio/se/menu/Return_Left.mp3,1,1",
                        "74578579319_0.15291120828407134": 1,
                        "91116691228_0.19588751423957396": 2,
                        "91116362027_0.0524615397494288": true,
                        "74587606222_0.5579985331498136": false
                    },
                    "126585482163_0.6261387369030218"
                ],
                [
                    16,
                    15004,
                    false,
                    {
                        "___cmdID": "126585482163_0.9909848989516254"
                    }
                ],
                [
                    -1,
                    {
                        "___cmdID": "126574956721_0.5123121547460883"
                    }
                ]
            ],
            [],
            [],
            [],
            [],
            [],
            [],
            [],
            [],
            [],
            [],
            []
        ]
    },
    "126662847677_0.5515401127905346": {
        "condition": [],
        "commands": [
            [
                [
                    -1,
                    {
                        "___cmdID": "126573655299_0.4349686569062905"
                    }
                ]
            ],
            [],
            [],
            [],
            [],
            [],
            [],
            [],
            [],
            [],
            [],
            []
        ]
    },
    "126662847678_0.8179561935283552": {
        "condition": [],
        "commands": [
            [],
            [],
            [],
            [],
            [],
            [],
            [],
            [],
            [],
            [],
            [],
            []
        ]
    }
}